商品ID,商品名称,商家编码,货号,商品状态,商品分类,商品价格,商品数量,商品属性,销量,商品描述图,卖点,店铺分类,商品促销价,SKU ID,SKU 商家编码,SKU库存,SKU价格,SKU促销价,SKU条形码,SKU属性,SKU属性图,主图1,主图2,主图3,主图4,主图5,宝贝长图,商品视频,预设分类ID
14071358,奥特曼赛文·英雄图画故事书（第二册） 动漫影视绘本系列畅销书系,14071358,14071358,在售,图书-->童书-->动漫/卡通,15.8,0,"{""用纸"": ""胶版纸"", ""版次"": ""1"", ""套装数量"": ""1"", ""出版时间"": ""2023-06-01"", ""包装"": ""平装"", ""开本"": ""16开"", ""ISBN"": ""9787218165714"", ""出版社"": ""广东人民出版社"", ""品牌"": ""广东人民出版社"", ""商品编号"": ""14071358""}",200,<p><img src="http://img30.360buyimg.com/vc/jfs/t1/86478/1/38117/234848/64b5000aF74c5b68a/d7eb9b93f78d3c16.jpg" /><img src="http://img30.360buyimg.com/vc/jfs/t1/145094/5/37364/69995/64b5000aF3648a6ce/3e433677eb46205a.jpg" /><img src="http://img30.360buyimg.com/vc/jfs/t1/92697/20/41353/491573/64b5000bF7affc4e0/7d117d8fbd0e2001.jpg" /><img src="http://img30.360buyimg.com/vc/jfs/t1/220597/21/31647/253052/64b5000dF20489244/5231db242792e79b.jpg" /><img src="http://img30.360buyimg.com/vc/jfs/t1/197283/10/25232/357065/64b5000eFa55a1ca1/e619356f12384cda.jpg" /><img src="http://img30.360buyimg.com/vc/jfs/t1/104942/38/40798/325453/64b5000fFc6a2ae29/2225348b8edcaf25.jpg" /><img src="http://img30.360buyimg.com/vc/jfs/t1/106111/23/40330/412549/64b50010Fb659fadd/676851b4aeb102f8.jpg" /><img src="http://img30.360buyimg.com/vc/jfs/t1/97522/37/38495/456514/64b50012F8b647ebc/b5bd743afe98eae2.jpg" /></p><p>本书是专为3-12岁儿童打造的以奥特曼影视故事为主要场景的图画故事书。本书以影视抓帧的形式，原汁原味还原《奥特曼》中“神秘的恐龙基地”的经典剧情，真实再现了银河奥特曼的英雄形象，寓教于乐，让孩子跟着奥特曼一起打败怪兽，懂得正义终将战胜邪恶，提升阅读力和识字量。</p><p>文启工作室是一个专注于构建青少儿阅读生态的品牌机构，历经十余年发展，聚焦青少儿垂直领域，依托“内容+渠道”运营模式，形成多条成熟产品线，年平均策划图书达数百种。</p>适读人群 ：3-6岁,,图书-->童书-->动漫/卡通,9.9,14071358'|'12953413'|'12941007'|'12852381'|'13089300'|'12706842'|'13956610'|'13727229'|'14071364'|'14071366'|'14071382'|'14071356'|'14071388'|'14071360'|'14071384'|'13802259'|'14071354,14071358'|'12953413'|'12941007'|'12852381'|'13089300'|'12706842'|'13956610'|'13727229'|'14071364'|'14071366'|'14071382'|'14071356'|'14071388'|'14071360'|'14071384'|'13802259'|'14071354,0'|'0'|'0'|'0'|'0'|'0'|'0'|'0'|'0'|'0'|'0'|'0'|'0'|'0'|'0'|'0'|'0,9.41'|'15.70'|'14.40'|'34.60'|'15.20'|'24.20'|'23.90'|'23.90'|'8.49'|'8.49'|'7.90'|'7.90'|'9.41'|'8.33'|'7.90'|'9.90'|'9.71,9.90'|'27.30'|'22.60'|'48.00'|'17.20'|'37.35'|'25.70'|'25.70'|'9.90'|'9.90'|'9.90'|'9.90'|'9.90'|'9.90'|'9.90'|'9.90'|'9.90,9787218165714'|'9787218150932'|'9787218150949'|'9787218135663'|'9787218141800'|'9787218136998'|'9787218134192'|'9787218134185'|'9787218165745'|'9787218165752'|'9787218165721'|'9787218165738'|'9787218165707'|'9787218165769'|'9787218165776'|'9787218165684'|'9787218165691,奥特曼赛文·英雄图画故事书（第二册） 动漫影视绘本系列畅销书系'|'给孩子们讲红色文化：小学版'|'给孩子们讲红色文化：中学版'|'真心话大告白：校园故事书'|'魏薇薇：对复杂家庭的深度思考'|'自然课堂：幼儿科普读物'|'蜡笔森林·风铃花童诗卷'|'蜡笔森林·马兰花童谣卷'|'艾斯：第一册奥特曼图画故事书'|'艾斯：第二册奥特曼图画故事书'|'杰克：第一册奥特曼图画故事书'|'杰克：第二册奥特曼图画故事书'|'赛文：第一册奥特曼图画故事书'|'泰罗：第一册奥特曼图画故事书'|'泰罗：第二册奥特曼图画故事书'|'初代奥特曼：第一册图画故事书'|'初代奥特曼：第二册图画故事书,https://img10.360buyimg.com/pcpubliccms/jfs/t1/216387/38/34453/150293/64b4fd2dF9b084785/38b4162e8e286606.jpg'|'https://img10.360buyimg.com/pcpubliccms/jfs/t1/117109/35/27979/207552/62d67633Eb56928f1/1fffb98409fa32c0.jpg'|'https://img10.360buyimg.com/pcpubliccms/jfs/t1/80193/7/17572/226292/6139bdd6E8314a067/026ce1e4688c4447.jpg'|'https://img10.360buyimg.com/pcpubliccms/jfs/t1/192961/33/4111/165770/60a5d454Ed29f6d5a/566b85947fcf0d0e.jpg'|'https://img10.360buyimg.com/pcpubliccms/jfs/t1/160083/21/4257/269280/6007e1f2E3b5e48e9/5548240bc8fb955e.jpg'|'https://img10.360buyimg.com/pcpubliccms/jfs/t1/52836/11/11321/274197/5d82f4e2E710c35ce/35e6df8fda5e9c94.jpg'|'https://img10.360buyimg.com/pcpubliccms/jfs/t1/97155/33/39035/197514/6455f924Fc70db0b9/6b930120f4c60019.jpg'|'https://img10.360buyimg.com/pcpubliccms/jfs/t1/199801/8/34600/155824/6455f346F7420b864/4946ec27873c202c.jpg'|'https://img10.360buyimg.com/pcpubliccms/jfs/t1/89104/29/38737/175168/64b501feF5082ece9/daca2a085e6b4764.jpg'|'https://img10.360buyimg.com/pcpubliccms/jfs/t1/170426/7/38668/166395/64b5017fF508f6645/59316670366f5b30.jpg'|'https://img10.360buyimg.com/pcpubliccms/jfs/t1/132779/22/37424/140092/64b50260F36cf3aa2/2911f848041b8e4d.jpg'|'https://img10.360buyimg.com/pcpubliccms/jfs/t1/181161/9/34733/139993/64b4fac5F4bf4669d/01c541c274023d0e.jpg'|'https://img10.360buyimg.com/pcpubliccms/jfs/t1/100776/4/41668/147181/64b4f973F9f69a98f/397ef2f704fb33e1.jpg'|'https://img10.360buyimg.com/pcpubliccms/jfs/t1/103709/24/42125/148905/64b4fa59Fcbb73176/d05be176290bb1c9.jpg'|'https://img10.360buyimg.com/pcpubliccms/jfs/t1/169245/24/38733/159945/64b4f8a5Fe61ff092/9ceb667b571eec33.jpg'|'https://img10.360buyimg.com/pcpubliccms/jfs/t1/171124/37/38777/150774/64b50110F61953a65/68692b4f9273e554.jpg'|'https://img10.360buyimg.com/pcpubliccms/jfs/t1/222777/7/23100/138171/64b500aeF25dc54e0/f46bf83ef6f9ace0.jpg,https://img10.360buyimg.com/pcpubliccms/jfs/t1/216387/38/34453/150293/64b4fd2dF9b084785/38b4162e8e286606.jpg,https://img10.360buyimg.com/pcpubliccms/jfs/t1/143632/29/36926/133829/64b4fd9dF83b1d192/5123e003f7774a03.jpg,https://img10.360buyimg.com/pcpubliccms/jfs/t1/160171/20/38272/184889/64b4ff42Faee64503/a17d5df9245412c6.jpg,https://img10.360buyimg.com/pcpubliccms/jfs/t1/145740/14/38242/184585/64b4ff47F065c1d1e/904a8c898374af4f.jpg,https://img10.360buyimg.com/pcpubliccms/jfs/t1/143501/23/35133/165481/64b4ff4bFc8cd6ca4/df200a5975a750f6.jpg,,,
10794942,中文故事绘·丽丽的幻想世界：从电视里走出来（附CD-ROM光盘1张）,10794942,10794942,在售,图书-->童书-->儿童绘本,15,0,"{""用纸"": ""胶版纸"", ""版次"": ""1"", ""附件"": ""CD-ROM光盘"", ""附件数量"": ""1"", ""出版时间"": ""2011-06-01"", ""字数"": ""2000"", ""页数"": ""25"", ""包装"": ""平装"", ""外文名称"": ""Come Out of the TV And Play"", ""开本"": ""32开"", ""ISBN"": ""9787301189740"", ""正文语种"": ""中文，英文"", ""出版社"": ""北京大学出版社"", ""品牌"": ""北京大学出版社"", ""商品编号"": ""10794942""}",100,&nbsp;&nbsp;&nbsp;&nbsp;元素1，汉语拼音。借助拼音的力量，孩子们可以简单地朗读故事。<br>&nbsp;&nbsp;&nbsp;&nbsp;元素2，八格漫画。依据漫画的情节提示，孩子们可以轻松地复述故事，也可以自行设计新的故事对白。<br>&nbsp;&nbsp;&nbsp;&nbsp;元素3，提问。顺着提问的线索，孩子们完全可以展开自己的想象力，编出自己的幻想故事。<br>&nbsp;&nbsp;&nbsp;&nbsp;元素4，词语卡片。图文并茂，孩子们可以搜集卡片，然后和朋友们一起玩猜词游戏，在游戏中丰富词汇量。&nbsp;&nbsp;&nbsp;&nbsp;中文故事绘，谈故事，看绘本。学中文。“丽丽的幻想世界”通过20个绘本小故事，集中展示了可爱小女孩丽丽的生活幻想。《从电视里走出来（注音版）》文字浅显，情节有趣，绘画精美，整套书充满了童真与童趣，不仅如此，灵活地运用绘本中设计的各种元素，孩子们的语言能力也就在潜移默化中提高了。适读人群 ：7-10岁,,图书-->童书-->儿童绘本,9.9,10794942'|'10794943'|'10707030'|'10921295'|'10707031'|'10707029'|'10794945'|'10921296'|'10707028,10794942'|'10794943'|'10707030'|'10921295'|'10707031'|'10707029'|'10794945'|'10921296'|'10707028,0'|'0'|'0'|'0'|'0'|'0'|'0'|'0'|'0,9.90'|'9.90'|'9.90'|'9.79'|'9.40'|'9.90'|'9.90'|'9.90'|'9.90,9.90'|'9.90'|'9.90'|'9.90'|'9.90'|'9.90'|'9.90'|'9.90'|'9.90,9787301189740'|'9787301189719'|'9787301189689'|'9787301194782'|'9787301189702'|'9787301189672'|'9787301189696'|'9787301194829'|'9787301189665,中文故事绘·丽丽的幻想世界：从电视里走出来（附CD-ROM光盘1张）'|'会变色的裙子'|'会说话的娃娃'|'旅行去'|'坐玩具车附CDROM光盘1张'|'给娃娃治病附CDROM光盘1张'|'不怕枪的机器人'|'收集雷电'|'一双好眼睛附CDROM光盘1张,https://img10.360buyimg.com/pcpubliccms/13077/022e22ce-ed37-4524-b60f-337d6e3c31ac.jpg'|'https://img10.360buyimg.com/pcpubliccms/16075/c4411efb-73d8-4147-ad39-8ef152c3b3ad.jpg'|'https://img10.360buyimg.com/pcpubliccms/18290/f71336dd-d3e2-4d04-b6c0-8f4024618bf5.jpg'|'https://img10.360buyimg.com/pcpubliccms/14793/af268ee1-085b-49fe-b0a3-66c44f958ecb.jpg'|'https://img10.360buyimg.com/pcpubliccms/16513/7b96f147-1785-4eeb-b53d-dac98b5aec13.jpg'|'https://img10.360buyimg.com/pcpubliccms/12575/4fb61bcf-c405-42a2-8bf6-95aca45be56c.jpg'|'https://img10.360buyimg.com/pcpubliccms/13393/92853c4c-a95f-4846-835c-149ff10bef9f.jpg'|'https://img10.360buyimg.com/pcpubliccms/12920/595214cc-5886-4d64-8020-2760d2a8782b.jpg'|'https://img10.360buyimg.com/pcpubliccms/10449/5edf7bf9-cc4a-43b0-81c4-c983ab3007f9.jpg,https://img10.360buyimg.com/pcpubliccms/13077/022e22ce-ed37-4524-b60f-337d6e3c31ac.jpg,,,,,,,
12105690,童心童画 小手画水果,12105690,12105690,在售,图书-->童书-->美术/书法,22.8,0,"{""用纸"": ""胶版纸"", ""版次"": ""1"", ""出版时间"": ""2017-01-01"", ""字数"": ""5000"", ""页数"": ""88"", ""包装"": ""平装"", ""开本"": ""16开"", ""ISBN"": ""9787517121121"", ""出版社"": ""中国言实出版社"", ""品牌"": ""中国言实出版社"", ""商品编号"": ""12105690""}",40,"　　这是一本集儿歌、谜语、拼音、识字、涂色于一体的少儿美术启蒙书，不同于市场上多见的填色书，能给孩子大脑以多方面的刺激，不但有简单易操作的涂色，也有朗朗上口的谜语和儿歌，还有锻炼孩子眼、脑、手协调发展的分步画，色彩明快，难易结合，设计丰富不单调，适合多个年龄段的孩子。<br />　　涂色画是一种很好的美术入门训练。在涂色过程中孩子不仅锻炼到了手部肌肉，还培养了对色彩的辨别和审美能力，对孩子的想象力和绘画入门都有很好的引导作用。本书从易到难、循序渐进的培养孩子对美术的兴趣、挖掘孩子的艺术天赋。书中每一个形象既有简单明了的绘画步骤，有配有简短的文字说明，语言逻辑与图形创意双管齐下，有效刺激儿童左右脑的共同开发，从而真正提高孩子的观察力、记忆力、想象力和创造力。<br />　　谧画,为吴潇萌的画室名。吴潇萌，女。自幼学习西画，后从事平面设计相关艺术类工作，熟练使用Photoshop、illustrator、InDesign等设计相关软件及数位板绘画。善于分析客户需求，擅长书籍插画、商业吉祥物、绘本线性主义绘画等。曾参与故宫博物院纸品艺术设计（贺卡、书签、明信片）、中粮集团LOGO设计、北汽新能源、松下电器、丰田金融、宜信财富等物料设计。<br /><p><img src=""http://img30.360buyimg.com/vc/jfs/t3862/201/1276873565/38394/4adaa9a5/587351f9N0cf5765b.png"" title=""mulu1.png"" width=""500"" height=""521"" alt="""" /></p>适读人群 ：3-6岁",,图书-->童书-->美术/书法,14.3,12105690,12105690,0,11.6,14.3,9787517121121,童心童画 小手画水果,https://img10.360buyimg.com/pcpubliccms/jfs/t3931/318/1341033504/425995/5d342d24/58735130N97b23cc6.jpg,https://img10.360buyimg.com/pcpubliccms/jfs/t3931/318/1341033504/425995/5d342d24/58735130N97b23cc6.jpg,,,,,,,
12105692,童心童画 小手画蔬菜,12105692,12105692,在售,图书-->童书-->美术/书法,22.8,0,"{""用纸"": ""胶版纸"", ""版次"": ""1"", ""出版时间"": ""2017-01-01"", ""字数"": ""5000"", ""页数"": ""84"", ""包装"": ""平装"", ""开本"": ""16开"", ""ISBN"": ""9787517121138"", ""出版社"": ""中国言实出版社"", ""品牌"": ""中国言实出版社"", ""商品编号"": ""12105692""}",28,　　这是一本集儿歌、谜语、拼音、识字、涂色于一体的少儿美术启蒙书，不同于市场上多见的填色书，能给孩子大脑以多方面的刺激，不但有简单易操作的涂色，也有朗朗上口的谜语和儿歌，还有锻炼孩子眼、脑、手协调发展的分步画，色彩明快，难易结合，设计丰富不单调，适合多个年龄段的孩子。<br />　　涂色画是一种很好的美术入门训练。在涂色过程中孩子不仅锻炼到了手部肌肉，还培养了对色彩的辨别和审美能力，对孩子的想象力和绘画入门都有很好的引导作用。本书从易到难、循序渐进的培养孩子对美术的兴趣、挖掘孩子的艺术天赋。书中每一个形象既有简单明了的绘画步骤，有配有简短的文字说明，语言逻辑与图形创意双管齐下，有效刺激儿童左右脑的共同开发，从而真正提高孩子的观察力、记忆力、想象力和创造力。<br />　　谧画，为吴潇萌的画室名。吴潇萌，女。自幼学习西画，后从事平面设计相关艺术类工作，熟练使用Photoshop、illustrator、InDesign等设计相关软件及数位板绘画。善于分析客户需求，擅长书籍插画、商业吉祥物、绘本线性主义绘画等。曾参与故宫博物院纸品艺术设计（贺卡、书签、明信片）、中粮集团LOGO设计、北汽新能源、松下电器、丰田金融、宜信财富等物料设计。<br /><p><img src="http://img30.360buyimg.com/vc/jfs/t3100/113/5520006654/35459/c28ade77/58735364N844facfc.png" title="mulu.png" width="500" height="516" alt="" /></p>适读人群 ：3-6岁,,图书-->童书-->美术/书法,14.3,12105692,12105692,0,13.3,14.3,9787517121138,童心童画 小手画蔬菜,https://img10.360buyimg.com/pcpubliccms/jfs/t3940/10/1318826724/406165/8087264c/587352b8N476d37ce.jpg,https://img10.360buyimg.com/pcpubliccms/jfs/t3940/10/1318826724/406165/8087264c/587352b8N476d37ce.jpg,,,,,,,
14071726,幼儿园体育教学游戏设计,14071726,14071726,在售,图书-->童书-->手工/游戏,43,0,"{""版次"": ""1"", ""出版时间"": ""2023-05-01"", ""字数"": ""234000"", ""页数"": ""140"", ""包装"": ""平装"", ""开本"": ""16开"", ""ISBN"": ""9787562373384"", ""正文语种"": ""中文"", ""出版社"": ""华南理工大学出版社"", ""商品编号"": ""14071726""}",24,本书内容分为三章，包含三个年龄段共18类、总计57个体育教学活动案例，内含170多个教学游戏。第一章是小班幼儿体育教学游戏设计，包括爬、钻、滑行车、躲闪跑、双脚跳、投掷、牵拉、旋转、篮球、走平衡、攀登、足球、玩大笼球、摇摆车、跑跳结合等内容；第二章是中班幼儿体育教学游戏设计，包括连续跳、投掷、爬、支撑、攀登、躲闪跑、悬垂、走平衡、足球、篮球、侧滚翻、玩羊角球、两轮滑行车等内容；第三章是大班幼儿体育教学游戏设计，包括投掷、追逐跑、支撑跳、攀绳、四肢支撑、爬行、助跑跨跳、躲闪跑、攀登、足球、篮球、侧滚翻、跑跳结合、悬垂、走平衡、跳布袋、推撑等内容。每类游戏都包含了“自主探索”“示范练习”“巩固提升”三个部分，每部分都有一个完整的趣味游戏设计。期待这些实践成果能给广大幼儿园教师组织体育教学活动带来一些启发。辛小勇，广东省特级教师，广东省辛小勇学前名教师工作室主持人，广东省新一轮“百千万人才培养工程”幼儿园名教师培养对象优秀学员，2019—2020年度“新时代全国最美幼师”。现为广州市越秀区教育发展研究院幼教教研员。兼任广东省中小学“百千万人才培养工程”幼儿园名教师培养项目导师、广州市远程培训教师发展中心教师专业发展专家、广东教育学会学前教育专业委员会学术委员。主持和参与各级课题多项，主创特色课程“幼儿关键体能游戏课程”，曾出版专著《幼儿关键体能游戏活动设计与实施》《幼儿园体育教学活动设计》等。第一章  小班幼儿体育教学游戏设计<br>  一、小乌龟本领大（爬行）<br>  二、探险竹子洞（钻爬）<br>  三、滑行车运鸡蛋（两轮滑行车）<br>  四、骑车障碍赛（两轮滑行车）<br>  五、小鸡快快跑（躲闪跑）<br>  六、小青蛙跳荷叶（双脚跳）<br>  七、赶走大老鼠（投掷）<br>  八、小货车司机（牵拉）<br>  九、爱旋转的不倒翁（旋转）<br>  十、小猴子玩球（篮球）<br>  十一、灵活的小羊（走平衡）<br>  十二、小猴子采果子（攀登）<br>  十三、大脚怪来了（足球）<br>  十四、好玩的大笼球（玩大笼球）<br>  十五、忙碌的小司机（摇摆车）<br>  十六、小兔子爱投球（投掷）<br>  十七、找到粮食快快跑（跑跳结合）<br>  十八、小马过桥办法多（走平衡）<br>第二章  中班幼儿体育教学游戏设计<br>  一、小青蛙跳弹床（连续跳）<br>  二、地球小卫士（投掷）<br>  三、小乌龟历险记（爬行）<br>  四、大力士的货车（支撑）<br>  五、小猴子爬梯子（攀登）<br>  六、小马快跑（躲闪跑）<br>  七、小猴子玩单杠（悬垂）<br>  八、小羊过桥（走平衡）<br>  九、小马爱玩球（足球）<br>  十、智斗大灰狼（篮球）<br>  十一、小刺猬缠绳子（侧滚翻）<br>  十二、灵活的小骑手（玩羊角球）<br>  十三、快乐的小司机（两轮滑行车）<br>  十四、小骑手来踢球（丽轮滑行车）<br>  十五、小猴子送水果（走平衡）<br>  十六、小袋鼠玩跳台（跳跃）<br>  十七、投掷彩虹伞（投掷）<br>  十八、灵活的小猴子（钻）<br>  十九、小小投球手（篮球）<br>第三章  大班幼儿体育教学游戏设计<br>  一、战胜大灰狼（投掷）<br>  二、聪明的邮递员（追逐跑）<br>  三、双杠探险记（支撑跳）<br>  四、猴子爬大山（攀绳）<br>  五、机智的飞行员（四肢支撑）<br>  六、小刺猬真会爬（爬行）<br>  七、小兔子本领大（助跑跨跳）<br>  八、怪兽来了快快跑（躲闪跑）<br>  九、翻山越岭（攀登）<br>  十、智斗大怪兽（足球）<br>  十一、拍球小能手（篮球）<br>  十二、小刺猬滚斜坡（侧滚翻）<br>  十三、赶走大毒蛇（跳跃）<br>  十四、有趣的飞弹大战（投掷）<br>  十五、小猴子摘果子（跑跳）<br>  十六、小马送果子（跑跳）<br>  十七、爱动脑筋的小猴子（悬垂）<br>  十八、小桥上的探险（走平衡）<br>  十九、小袋鼠本领大（跳布袋）<br>  二十、勇敢的大力士（推撑）,,图书-->童书-->手工/游戏,34.3,14071726,14071726,0,32.5,34.3,9787562373384,幼儿园体育教学游戏设计,https://img10.360buyimg.com/pcpubliccms/jfs/t1/126273/36/37371/32867/64b73beeF30590af9/7fcb0d87987c9207.jpg,https://img10.360buyimg.com/pcpubliccms/jfs/t1/126273/36/37371/32867/64b73beeF30590af9/7fcb0d87987c9207.jpg,https://img10.360buyimg.com/pcpubliccms/jfs/t1/126273/36/37371/32867/64b73beeF30590af9/7fcb0d87987c9207.jpg,,,,,,
14333783,布莱泽奥特曼?英雄连环画 2.山岳在咆哮 孩子喜欢的奥特曼卡通动漫启蒙故事书 假期阅读课外读物,14333783,14333783,在售,图书-->童书-->动漫/卡通,22.8,0,"{""用纸"": ""铜版纸"", ""版次"": ""1"", ""出版时间"": ""2024-10-01"", ""包装"": ""平装"", ""开本"": ""16开"", ""ISBN"": ""9787305282294"", ""出版社"": ""南京大学出版社"", ""品牌"": ""南京大学出版社"", ""商品编号"": ""14333783""}",5000,"<p><img src=""http://img30.360buyimg.com/vc/jfs/t1/223223/2/50283/3111115/674966d9F083bd658/69950ceef5653271.jpg"" /></p><p>本书为“布莱泽奥特曼”系列特摄剧的抓帧连环画，用精彩的故事、精美的高清图片和酷炫的文字设计将读者带入布莱泽奥特曼的奇幻世界。</p> 
<p>① 多图畅读：高清多格连环画，打造流畅阅读体验</p> 
<p>② 寓教于乐：总结奥特英雄好品格，收获成长正能量</p> 
<p>③ 酷炫赠品：随套装赠送奥特曼明信片4张</p> 
<p><br /></p><p>本书取材自特摄剧《布莱泽奥特曼》，讲述了特殊怪兽对应分遣队的队长比留间弦人，变身为宇宙英雄布莱泽奥特曼，守护地球的故事。本书图文并茂，用高清多格漫画配合原台词，原汁原味地展现《布莱泽奥特曼》的精彩故事，为读者带来多图畅读的阅读体验。</p> 
<p><br /></p>适读人群 ：4-8岁",,图书-->童书-->动漫/卡通,13.6,14333783'|'13949922'|'13949910'|'13722799'|'13722797'|'14166582'|'14166584'|'14166558'|'13866371'|'14935114'|'14935124'|'14935092'|'14935122'|'14866746'|'14866736'|'14866710'|'14874150'|'14874148'|'14338835'|'14874132'|'13216149'|'13216147'|'13216139'|'13216137'|'13216151'|'13216161'|'13216143'|'13216141'|'13829138'|'13642117'|'13829100'|'13642131'|'13829132'|'13642137'|'13829134'|'13829116'|'12821052'|'12821078'|'12821080'|'12821074'|'12655431'|'12867166'|'12867168'|'12867170'|'12907528'|'12681949'|'12681959'|'12907494'|'12907520'|'12681955,14333783'|'13949922'|'13949910'|'13722799'|'13722797'|'14166582'|'14166584'|'14166558'|'13866371'|'14935114'|'14935124'|'14935092'|'14935122'|'14866746'|'14866736'|'14866710'|'14874150'|'14874148'|'14338835'|'14874132'|'13216149'|'13216147'|'13216139'|'13216137'|'13216151'|'13216161'|'13216143'|'13216141'|'13829138'|'13642117'|'13829100'|'13642131'|'13829132'|'13642137'|'13829134'|'13829116'|'12821052'|'12821078'|'12821080'|'12821074'|'12655431'|'12867166'|'12867168'|'12867170'|'12907528'|'12681949'|'12681959'|'12907494'|'12907520'|'12681955,0'|'0'|'0'|'0'|'0'|'0'|'0'|'0'|'0'|'0'|'0'|'0'|'0'|'0'|'0'|'0'|'0'|'0'|'0'|'0'|'0'|'0'|'0'|'0'|'0'|'0'|'0'|'0'|'0'|'0'|'0'|'0'|'0'|'0'|'0'|'0'|'0'|'0'|'0'|'0'|'0'|'0'|'0'|'0'|'0'|'0'|'0'|'0'|'0'|'0,9.90'|'9.69'|'10.70'|'10.70'|'11.30'|'9.30'|'9.23'|'9.23'|'10.70'|'10.40'|'9.29'|'10.10'|'10.10'|'10.20'|'9.39'|'11.40'|'9.71'|'9.90'|'9.60'|'9.23'|'9.71'|'9.71'|'9.23'|'9.71'|'9.23'|'9.23'|'9.23'|'9.71'|'9.23'|'9.52'|'11.30'|'10.40'|'11.30'|'10.70'|'11.30'|'9.69'|'7.80'|'7.80'|'7.80'|'7.80'|'7.42'|'6.69'|'7.19'|'7.42'|'8.02'|'8.25'|'8.68'|'8.02'|'9.78'|'9.30,13.60'|'11.30'|'11.30'|'11.30'|'11.30'|'11.30'|'11.30'|'11.30'|'11.30'|'14.30'|'14.30'|'14.30'|'14.30'|'13.60'|'13.60'|'13.60'|'13.60'|'13.60'|'13.60'|'13.60'|'11.30'|'11.30'|'11.30'|'11.30'|'11.30'|'11.30'|'11.30'|'11.30'|'11.30'|'11.30'|'11.30'|'11.30'|'11.30'|'11.30'|'11.30'|'11.30'|'7.80'|'7.80'|'7.80'|'7.80'|'7.80'|'7.80'|'7.80'|'7.80'|'9.80'|'9.80'|'9.80'|'9.80'|'9.80'|'9.80,9787305282294'|'9787305265884'|'9787305265891'|'9787305265907'|'9787305265914'|'9787305265921'|'9787305265938'|'9787305265945'|'9787305268434'|'9787305285295'|'9787305285301'|'9787305285318'|'9787305285325'|'9787305282287'|'9787305282300'|'9787305282317'|'9787305282324'|'9787305282331'|'9787305282348'|'9787305282355'|'9787305255625'|'9787305255632'|'9787305255649'|'9787305255656'|'9787305255663'|'9787305255670'|'9787305255687'|'9787305255694'|'9787305262326'|'9787305264771'|'9787305262340'|'9787305262357'|'9787305264788'|'9787305262371'|'9787305262388'|'9787305262395'|'9787305227110'|'9787305227127'|'9787305227134'|'9787305227141'|'9787305229411'|'9787305229428'|'9787305229435'|'9787305229442'|'9787305229565'|'9787305229572'|'9787305229589'|'9787305229596'|'9787305229602'|'9787305229619,布莱泽奥特曼?英雄连环画 2.山岳在咆哮 孩子喜欢的奥特曼卡通动漫启蒙故事书 假期阅读课外读物'|'德凯连环画 1出动！精英胜利队'|'德凯连环画 2破坏兽苏醒'|'德凯连环画 3光与暗再度相逢'|'德凯连环画 4尼奥美加斯的反击'|'德凯连环画 5乱石'|'德凯连环画 6来自异次元的邀约'|'德凯连环画 7衰亡的巴孜特'|'德凯连环画 8 梦想的终点'|'亚刻连环画 1释放想象力吧'|'亚刻连环画 2欢迎来到黎明山庄'|'亚刻连环画 3满月的回应'|'亚刻连环画 4致远方的你'|'布莱泽连环画 1.第一波攻势'|'布莱泽连环画 3.声之星'|'布莱泽连环画 4.我们上布莱泽'|'布莱泽连环画 5来自地底的怪兽'|'布莱泽连环画 6.流浪者斩击鲁'|'布莱泽连环画 7.虫鸣之夜'|'布莱泽连环画 8.99号来访者'|'泽塔连环画 1.战士的心得'|'泽塔连环画 2.伽古拉的首秀'|'泽塔连环画 3.陛下的勋章'|'泽塔连环画 4.应该守护之物'|'泽塔连环画 5.战士的使命'|'泽塔连环画 6.狮子的声音'|'泽塔连环画 7.念想的彼端'|'泽塔连环画 8.闪烁着遥远光辉'|'特利迦连环画 1飞向未来'|'特利迦连环画 2为了他们的笑容'|'特利迦连环画 3那一天的翅膀'|'特利迦连环画 4光与暗的邂逅'|'特利迦连环画 5金色威胁'|'特利迦连环画 6愤怒的宴会'|'特利迦连环画 7最后的游戏'|'特利迦连环画 8致相信笑容的人们'|'泰迦连环画 1.伙伴，上吧！'|'泰迦连环画 2.群狼的挽歌'|'泰迦连环画 3.魔山行'|'泰迦连环画 4.晚霞下的战士'|'泰迦连环画 5.守护之力与战斗'|'泰迦连环画 6.守护天使'|'泰迦连环画 7.地球的朋友'|'泰迦连环画 8.伙伴，稳住，上吧'|'迪迦连环画 1.发光的迪迦'|'迪迦连环画 2.第二次接触'|'迪迦连环画 3.梦幻疾走'|'迪迦连环画 4.奔向宇宙'|'迪迦连环画 5.恐龙们的星球'|'迪迦连环画 6.怪兽动物园,https://img10.360buyimg.com/pcpubliccms/jfs/t1/194843/10/54412/174737/67496692Fbd76ce74/1abd26f40ae0f915.jpg'|'https://img10.360buyimg.com/pcpubliccms/jfs/t1/96846/30/40183/134024/645a0517Fe94c38c8/fc84af9a9ba36e32.jpg'|'https://img10.360buyimg.com/pcpubliccms/jfs/t1/117910/9/35344/145592/645a0634Fbf44445a/732b1b11444f77bc.jpg'|'https://img10.360buyimg.com/pcpubliccms/jfs/t1/97524/32/22608/140298/645a071dF38631518/dcbbe0affa3b3565.jpg'|'https://img10.360buyimg.com/pcpubliccms/jfs/t1/48511/18/19460/138764/645a07a0F181af8b6/90a8dfe79413b1b3.jpg'|'https://img10.360buyimg.com/pcpubliccms/jfs/t1/181332/40/38874/155044/65112aacF1b608d52/2076861cd036ec26.jpg'|'https://img10.360buyimg.com/pcpubliccms/jfs/t1/184701/3/39800/148520/65112ca9F55f47009/a73dfe62a2f48dd3.jpg'|'https://img10.360buyimg.com/pcpubliccms/jfs/t1/127194/34/40364/157357/65112d52F4476f618/02fa8eab08b26c8f.jpg'|'https://img10.360buyimg.com/pcpubliccms/jfs/t1/202598/1/35520/155547/65112e44F83bf67f3/ba3759ecd8d5aabb.jpg'|'https://img10.360buyimg.com/pcpubliccms/jfs/t1/266080/4/19452/141117/67adb57dFed56f3f1/97bb7e449852108f.jpg'|'https://img10.360buyimg.com/pcpubliccms/jfs/t1/263328/17/19635/142795/67adb63fF9fe9238e/4bac9d4153373b3a.jpg'|'https://img10.360buyimg.com/pcpubliccms/jfs/t1/268595/39/19344/144498/67adb67fF606bc6a5/01a17eb7fda53b1c.jpg'|'https://img10.360buyimg.com/pcpubliccms/jfs/t1/266230/2/19722/126958/67aee43fFa0be465e/a0238ad3d6ae56e9.jpg'|'https://img10.360buyimg.com/pcpubliccms/jfs/t1/193876/36/53587/173289/67496a54Fe51ac422/3f214bbee9d06231.jpg'|'https://img10.360buyimg.com/pcpubliccms/jfs/t1/175449/18/53741/189390/67495eaaF06254795/5286f0455f25514a.jpg'|'https://img10.360buyimg.com/pcpubliccms/jfs/t1/195435/40/53236/183693/674966eeF68792808/ec28c7519a2ca2e9.jpg'|'https://img10.360buyimg.com/pcpubliccms/jfs/t1/219423/7/50525/172273/67496633F8f2fd2ef/f88e1840818398f4.jpg'|'https://img10.360buyimg.com/pcpubliccms/jfs/t1/210473/33/50231/190097/67496575F63683748/d05cb2405dfef5c5.jpg'|'https://img10.360buyimg.com/pcpubliccms/jfs/t1/188394/13/53042/189396/67496388Ffc365c7b/018f8ec55e028b26.jpg'|'https://img10.360buyimg.com/pcpubliccms/jfs/t1/206667/40/47515/197732/6749613aF81749748/be091504b33caea4.jpg'|'https://img10.360buyimg.com/pcpubliccms/jfs/t1/75634/4/16495/113452/62b41a92E4a504ffd/95c7caac1c4bdf80.jpg'|'https://img10.360buyimg.com/pcpubliccms/jfs/t1/14110/19/17638/118680/62b4263eE06f08b43/d3be2a62a409af2c.jpg'|'https://img10.360buyimg.com/pcpubliccms/jfs/t1/71020/11/19761/116853/62b42112E14ee4bb5/ff3b9c4e7b3e13c9.jpg'|'https://img10.360buyimg.com/pcpubliccms/jfs/t1/79627/36/19895/114881/62b42a92E3527daeb/b37e6bb422a84f22.jpg'|'https://img10.360buyimg.com/pcpubliccms/jfs/t1/65850/28/19133/122969/62b41b8cE256617f9/119b778e366222cf.jpg'|'https://img10.360buyimg.com/pcpubliccms/jfs/t1/55798/9/20230/112767/62b429e6E2210e65d/badfcc6aaeb5d3d1.jpg'|'https://img10.360buyimg.com/pcpubliccms/jfs/t1/128773/31/24064/119373/62b42046E8190bc80/915b3c300671c0c3.jpg'|'https://img10.360buyimg.com/pcpubliccms/jfs/t1/188104/25/25917/122334/62b4251bE9e559b34/2d22aa7d1baf7016.jpg'|'https://img10.360buyimg.com/pcpubliccms/jfs/t1/140628/23/34265/153420/63f82676Fbbcc78da/ba8201ad37f0707c.jpg'|'https://img10.360buyimg.com/pcpubliccms/jfs/t1/210088/13/29938/174353/63f82ba4Fc30066b5/361bf1efa10f1e8f.jpg'|'https://img10.360buyimg.com/pcpubliccms/jfs/t1/109070/16/31409/157381/63f82c50F7d45c782/3ca31e9674cb8b8e.jpg'|'https://img10.360buyimg.com/pcpubliccms/jfs/t1/214227/18/26482/175991/63f86ad1F72421397/813a43fc0665755a.jpg'|'https://img10.360buyimg.com/pcpubliccms/jfs/t1/157429/9/31755/154511/63f86ebaF0b14b0a4/028303fd6c0fd5c9.jpg'|'https://img10.360buyimg.com/pcpubliccms/jfs/t1/48125/16/23959/168308/63f86fb2F2c52593b/e3e5250cb771a03a.jpg'|'https://img10.360buyimg.com/pcpubliccms/jfs/t1/160145/15/30240/152881/63f87049F9af4838c/4383e0453cc22c70.jpg'|'https://img10.360buyimg.com/pcpubliccms/jfs/t1/200885/24/22494/173608/63f870f7F219348ea/8b3e4ee5df25a82e.jpg'|'https://img10.360buyimg.com/pcpubliccms/jfs/t1/94447/11/14946/399086/5e731ae3E6e1d245a/2c5bca21b3522364.jpg'|'https://img10.360buyimg.com/pcpubliccms/jfs/t1/100494/9/15746/404733/5e733104E8ae89c9e/3c7bd186fada7251.jpg'|'https://img10.360buyimg.com/pcpubliccms/jfs/t1/104695/7/15575/383118/5e732f2eE8b6bf510/daa554c213d1e8b8.jpg'|'https://img10.360buyimg.com/pcpubliccms/jfs/t1/98831/1/15538/406473/5e7331c2E3d9060be/8ba1fe18939d966b.jpg'|'https://img10.360buyimg.com/pcpubliccms/jfs/t1/117179/27/7326/528097/5ec37b9fE158e9cb7/d2d61a0921eb83a1.jpg'|'https://img10.360buyimg.com/pcpubliccms/jfs/t1/121732/11/2175/534866/5ec37458E76e56263/77ec19cb49cf5920.jpg'|'https://img10.360buyimg.com/pcpubliccms/jfs/t1/111329/32/7419/520962/5ec382a6E87c5c2d8/4274e34b1f37f956.jpg'|'https://img10.360buyimg.com/pcpubliccms/jfs/t1/128858/3/2248/518292/5ec381cbEa078cff6/fe5dac2e6d98cda6.jpg'|'https://img10.360buyimg.com/pcpubliccms/jfs/t1/144311/28/1357/461983/5ef9a549Ea4eec98b/720619f73ebef375.jpg'|'https://img10.360buyimg.com/pcpubliccms/jfs/t1/130088/23/3217/449075/5ef9ac2cE5d99ee0a/47d8b113c8544f40.jpg'|'https://img10.360buyimg.com/pcpubliccms/jfs/t1/124920/15/5890/447484/5ef9a73dE537e988d/ccc7bb7fc01556ff.jpg'|'https://img10.360buyimg.com/pcpubliccms/jfs/t1/115589/8/11060/432925/5ef99f0cE4b74f1f9/d6f5adaffe190ca5.jpg'|'https://img10.360buyimg.com/pcpubliccms/jfs/t1/122065/12/5811/419663/5ef99cceEde70db80/9fd10e6f41aa38f7.jpg'|'https://img10.360buyimg.com/pcpubliccms/jfs/t1/132821/11/3179/442517/5ef9a4b0E646f2495/f13ec6a481c5bebf.jpg,https://img10.360buyimg.com/pcpubliccms/jfs/t1/194843/10/54412/174737/67496692Fbd76ce74/1abd26f40ae0f915.jpg,https://img10.360buyimg.com/pcpubliccms/jfs/t1/244182/9/26549/141735/67496696Fe60dfb5a/676d8ef8c81d6dd9.jpg,https://img10.360buyimg.com/pcpubliccms/jfs/t1/227708/29/28591/139194/67496699Fda6e4174/a6caeef4760680b7.jpg,https://img10.360buyimg.com/pcpubliccms/jfs/t1/149713/34/47934/198859/6749669eF4687cbe4/ab3801d89cd8ce09.jpg,https://img10.360buyimg.com/pcpubliccms/jfs/t1/245103/1/26546/262519/674966a2F598ff5c3/703c13fbc15a5236.jpg,,,
12236591,喵喵小姐的故事（彩色注音版）/彼得兔的故事全集,12236591,12236591,在售,图书-->童书-->儿童文学,16.8,0,"{""用纸"": ""胶版纸"", ""版次"": ""1"", ""出版时间"": ""2017-10-01"", ""页数"": ""46"", ""包装"": ""平装"", ""外文名称"": ""The story of miss moppet"", ""开本"": ""24开"", ""ISBN"": ""9787510152078"", ""正文语种"": ""中文"", ""出版社"": ""中国人口出版社"", ""丛书名"": ""彼得兔的故事全集"", ""商品编号"": ""12236591""}",2,　　《喵喵小姐的故事（彩色注音版）/彼得兔的故事全集》是世界知名的经典童书之一，全球已翻译成30多种语言版本，仅在美国销量就超过1000万册，深入全球每个幸福的家庭。《喵喵小姐的故事（彩色注音版）/彼得兔的故事全集》故事内容感人有趣，其中有爱、有亲情，也有意外和危险，带领孩子体验真实的人生。《喵喵小姐的故事（彩色注音版）/彼得兔的故事全集》的文字与插画细腻生动，具有极高的艺术价值。适合亲子共读，精心设计图书开本大小，提供小读者舒适的阅读感受。《喵喵小姐的故事（彩色注音版）/彼得兔的故事全集》是喵喵小姐和老鼠斗智斗勇的奇妙故事。从前有一只小猫咪，名字叫喵喵小姐，她总觉得听到了老鼠的叫声！一只小老鼠就藏在橱柜后面，偷偷向外看，他在捉弄喵喵小姐呢。他一点都不怕小猫。喵喵小姐看见他，纵身一跳向他扑去，可惜太迟了，不仅老鼠跑了，她还把自己的头撞破了……,,图书-->童书-->儿童文学,12.18,12236591,12236591,0,12.18,12.18,9787510152078,喵喵小姐的故事（彩色注音版）/彼得兔的故事全集,https://img10.360buyimg.com/pcpubliccms/jfs/t14413/159/603681147/211842/ce625f45/5a323c85N261f401d.jpg,https://img10.360buyimg.com/pcpubliccms/jfs/t14413/159/603681147/211842/ce625f45/5a323c85N261f401d.jpg,,,,,,,
14595906,疯狂的恐龙时代(精)/儿童小百科,14595906,14595906,在售,图书-->童书-->科普/百科,46,0,"{""用纸"": ""铜版纸"", ""版次"": ""1"", ""出版时间"": ""2024-03-01"", ""作者"": ""小月亮童书"", ""页数"": ""27"", ""包装"": ""精装"", ""开本"": ""16开"", ""ISBN"": ""9787551448680"", ""正文语种"": ""中文"", ""出版社"": ""浙江摄影出版社"", ""丛书名"": ""儿童小百科"", ""商品编号"": ""14595906""}",1,<p><img src="http://img30.360buyimg.com/vc/jfs/t1/383847/40/5884/213596/694bb2e9F152a026d/004b2ee52cdc6278.jpg" /><img src="http://img30.360buyimg.com/vc/jfs/t1/383957/12/6987/168185/694bb2e9Fd46959a8/004b2ee52cd2ae49.jpg" /><img src="http://img30.360buyimg.com/vc/jfs/t1/379157/4/13631/195583/694bb2e9F91b64881/004b2ee52b93753f.jpg" /><img src="http://img30.360buyimg.com/vc/jfs/t1/382486/3/6979/206745/694bb2eaFfcee7b78/004b2ee52c9ec13b.jpg" /><img src="http://img30.360buyimg.com/vc/jfs/t1/380645/39/13703/232314/694bb2eaF2a6ffd9b/004b2ee52cc8b1c0.jpg" /><img src="http://img30.360buyimg.com/vc/jfs/t1/376558/17/20982/251066/694bb2ebF4d2658a3/004b2ee52cae9f05.jpg" /><img src="http://img30.360buyimg.com/vc/jfs/t1/380703/29/11100/237232/694bb2ebF3c8cb2ce/004b2ee52b0b39c4.jpg" /><img src="http://img30.360buyimg.com/vc/jfs/t1/380121/25/11398/246394/694bb2ecF0cf43077/004b2ee52c6c14b1.jpg" /></p><p>本书是一本知识科普类绘本，是“儿童小百科”丛书中的一种。本套丛书将是陪伴和引导孩子认识世界、探索世界的理想读物，它是一套专门为低幼儿童打造的知识科普类绘本，目的是通过有趣而童真的故事，把集中的科学文化知识分散开来，帮助孩子更好地认识这个世界，同时，结合风格唯美的绘画，鲜艳丰富的色彩，带给孩子卓越的阅读享受，为孩子打开通往科学知识殿堂的大门。本书将带孩子来到神秘的恐龙博物馆，认识各种各样的恐龙。</p>,,图书-->童书-->科普/百科,27.6,14595906,14595906,0,14.8,27.6,9787551448680,疯狂的恐龙时代(精)/儿童小百科,https://img10.360buyimg.com/pcpubliccms/jfs/t1/381960/6/6571/127804/694bb279F26da67f8/004b320320fe2f11.jpg,https://img10.360buyimg.com/pcpubliccms/jfs/t1/381960/6/6571/127804/694bb279F26da67f8/004b320320fe2f11.jpg,https://img10.360buyimg.com/pcpubliccms/jfs/t1/383740/34/6467/132726/694bb2ceF45e68a0d/004b32032029cfed.jpg,,,,,,
14595866,夏日水果屋(精)/冰心奖获奖作家作品,14595866,14595866,在售,图书-->童书-->儿童文学,46,0,"{""用纸"": ""铜版纸"", ""版次"": ""1"", ""出版时间"": ""2024-02-01"", ""作者"": ""陈丽虹"", ""字数"": ""25000"", ""页数"": ""25"", ""包装"": ""精装"", ""开本"": ""16开"", ""ISBN"": ""9787575500524"", ""正文语种"": ""中文"", ""出版社"": ""黑龙江美术出版社"", ""丛书名"": ""冰心奖获奖作家作品"", ""商品编号"": ""14595866""}",0,<p><img src="http://img30.360buyimg.com/vc/jfs/t1/378892/8/12177/202027/694bb7e1F79117972/004b2ee489eb7f3c.jpg" /><img src="http://img30.360buyimg.com/vc/jfs/t1/382438/3/6517/209242/694bb7e1F3f3e4fd1/004b2ee489e65d46.jpg" /><img src="http://img30.360buyimg.com/vc/jfs/t1/382056/10/7185/197062/694bb7e2F2a19e29c/004b2ee489da7f0f.jpg" /><img src="http://img30.360buyimg.com/vc/jfs/t1/375982/37/15456/201480/694bb7e2Fcc0c83a6/004b2ee489f14108.jpg" /><img src="http://img30.360buyimg.com/vc/jfs/t1/376400/31/20677/206673/694bb7e3F3c04d0b8/004b2ee489bff993.jpg" /><img src="http://img30.360buyimg.com/vc/jfs/t1/376268/37/20895/219301/694bb7e3F5b372604/004b2ee489e3aad8.jpg" /><img src="http://img30.360buyimg.com/vc/jfs/t1/378828/13/13380/258629/694bb7e4Fb93df8d9/004b2ee489ee8d27.jpg" /><img src="http://img30.360buyimg.com/vc/jfs/t1/378489/31/12990/259770/694bb7e4Fbb4b8238/004b2ee489606fef.jpg" /><img src="http://img30.360buyimg.com/vc/jfs/t1/373252/34/22268/246582/694bb7e5F6bac14ef/004b2ee489df52c0.jpg" /><img src="http://img30.360buyimg.com/vc/jfs/t1/381612/15/6714/74688/694bb7e5F6e0a1425/004b2ee15a258b8a.jpg" /></p><p>山羊爷爷开了一间“夏日水果屋”用自己种出来的夏日水果制作了西瓜汁、芒果冰棍、荔枝冰花、菠萝刨冰……请大家品尝消暑。小朋友通过读故事也可以和爸爸一起动手用水果、花、绿豆等制作消暑饮品、美食。开“美食分享派对”感受舌尖上的清凉。暑期做美食是享受，更是乐趣，也是夏天最美的样子。</p>,,图书-->童书-->儿童文学,27.6,14595866,14595866,0,26.2,27.6,9787575500524,夏日水果屋(精)/冰心奖获奖作家作品,https://img10.360buyimg.com/pcpubliccms/jfs/t1/375243/31/22584/129248/694bb77aFa7c8d164/004b3203200061a7.jpg,https://img10.360buyimg.com/pcpubliccms/jfs/t1/375243/31/22584/129248/694bb77aFa7c8d164/004b3203200061a7.jpg,https://img10.360buyimg.com/pcpubliccms/jfs/t1/373108/17/22836/110394/694bb785F9a077a1b/004b320320b5b7f0.jpg,,,,,,
14595864,不可思议的颜色(精)/儿童爱看的科学启蒙绘本,14595864,14595864,在售,图书-->童书-->幼儿启蒙,46,0,"{""用纸"": ""铜版纸"", ""版次"": ""1"", ""出版时间"": ""2024-03-01"", ""作者"": ""小月亮童书"", ""页数"": ""27"", ""包装"": ""精装"", ""开本"": ""16开"", ""ISBN"": ""9787551448451"", ""正文语种"": ""中文"", ""出版社"": ""浙江摄影出版社"", ""丛书名"": ""儿童爱看的科学启蒙绘本"", ""商品编号"": ""14595864""}",2,<p><img src="http://img30.360buyimg.com/vc/jfs/t1/378453/5/13077/270060/694bb0ebFa6976bc5/004b2ee52c0daa5d.jpg" /><img src="http://img30.360buyimg.com/vc/jfs/t1/376718/5/14239/171852/694bb0ebF57ec4a3f/004b2ee52c9edf75.jpg" /><img src="http://img30.360buyimg.com/vc/jfs/t1/382568/34/5283/263660/694bb0ecF985ac3a4/004b2ee52b0a5160.jpg" /><img src="http://img30.360buyimg.com/vc/jfs/t1/381031/30/7040/253774/694bb0ecFb2d77405/004b2ee52c8e7e42.jpg" /><img src="http://img30.360buyimg.com/vc/jfs/t1/378666/25/10777/198678/694bb0ecF1e14b6bf/004b2ee52c6d4d4e.jpg" /><img src="http://img30.360buyimg.com/vc/jfs/t1/379903/19/13137/224531/694bb0edFc272f78b/004b2ee52cdd8738.jpg" /><img src="http://img30.360buyimg.com/vc/jfs/t1/377103/35/16799/275107/694bb0edF25cf1585/004b2ee52b6e993f.jpg" /><img src="http://img30.360buyimg.com/vc/jfs/t1/374840/1/20902/295159/694bb0eeF795d0081/004b2ee52c250d03.jpg" /></p><p>本书是一本知识科普类绘本，是“儿童爱看的科学启蒙绘本”丛书中的一种。本套丛书是一套帮助孩子走进大自然、感受生命意义的科学认知绘本。通过一个个生动、幽默、充满想象力的小故事，孩子可以认识更多的动物和植物，感受日常生活中的点点滴滴，理解生命的可贵之处。本书讲述了颜色对世界的重要性、生活中常见的颜色等内容，帮助孩子认识身边的颜色。</p>,,图书-->童书-->幼儿启蒙,27.6,14595864,14595864,0,17.4,27.6,9787551448451,不可思议的颜色(精)/儿童爱看的科学启蒙绘本,https://img10.360buyimg.com/pcpubliccms/jfs/t1/381620/40/6947/116738/694bb0c5F798c88b1/004b320320fabc14.jpg,https://img10.360buyimg.com/pcpubliccms/jfs/t1/381620/40/6947/116738/694bb0c5F798c88b1/004b320320fabc14.jpg,https://img10.360buyimg.com/pcpubliccms/jfs/t1/381601/16/6392/112054/694bb0c9Ff7e0bfa6/004b320320ec8e41.jpg,,,,,,
,,,,,,,,,,,,,,,,,,,,,,,,,,,,,
,,,,,,,,,,,,,,,,,,,,,,,,,,,,,
,,,,,,,,,,,,,,,,,,,,,,,,,,,,,
,,,,,,,,,,,,,,,,,,,,,,,,,,,,,
,,,,,,,,,,,,,,,,,,,,,,,,,,,,,
,,,,,,,,,,,,,,,,,,,,,,,,,,,,,
,,,,,,,,,,,,,,,,,,,,,,,,,,,,,
,,,,,,,,,,,,,,,,,,,,,,,,,,,,,
,,,,,,,,,,,,,,,,,,,,,,,,,,,,,
,,,,,,,,,,,,,,,,,,,,,,,,,,,,,
,,,,,,,,,,,,,,,,,,,,,,,,,,,,,
,,,,,,,,,,,,,,,,,,,,,,,,,,,,,
,,,,,,,,,,,,,,,,,,,,,,,,,,,,,
,,,,,,,,,,,,,,,,,,,,,,,,,,,,,
,,,,,,,,,,,,,,,,,,,,,,,,,,,,,
,,,,,,,,,,,,,,,,,,,,,,,,,,,,,
,,,,,,,,,,,,,,,,,,,,,,,,,,,,,
,,,,,,,,,,,,,,,,,,,,,,,,,,,,,
,,,,,,,,,,,,,,,,,,,,,,,,,,,,,
,,,,,,,,,,,,,,,,,,,,,,,,,,,,,
,,,,,,,,,,,,,,,,,,,,,,,,,,,,,
,,,,,,,,,,,,,,,,,,,,,,,,,,,,,
,,,,,,,,,,,,,,,,,,,,,,,,,,,,,
,,,,,,,,,,,,,,,,,,,,,,,,,,,,,
,,,,,,,,,,,,,,,,,,,,,,,,,,,,,
,,,,,,,,,,,,,,,,,,,,,,,,,,,,,
,,,,,,,,,,,,,,,,,,,,,,,,,,,,,
,,,,,,,,,,,,,,,,,,,,,,,,,,,,,
,,,,,,,,,,,,,,,,,,,,,,,,,,,,,
,,,,,,,,,,,,,,,,,,,,,,,,,,,,,
,,,,,,,,,,,,,,,,,,,,,,,,,,,,,
,,,,,,,,,,,,,,,,,,,,,,,,,,,,,
,,,,,,,,,,,,,,,,,,,,,,,,,,,,,
,,,,,,,,,,,,,,,,,,,,,,,,,,,,,
,,,,,,,,,,,,,,,,,,,,,,,,,,,,,
,,,,,,,,,,,,,,,,,,,,,,,,,,,,,
,,,,,,,,,,,,,,,,,,,,,,,,,,,,,
,,,,,,,,,,,,,,,,,,,,,,,,,,,,,
,,,,,,,,,,,,,,,,,,,,,,,,,,,,,
,,,,,,,,,,,,,,,,,,,,,,,,,,,,,
,,,,,,,,,,,,,,,,,,,,,,,,,,,,,
,,,,,,,,,,,,,,,,,,,,,,,,,,,,,
,,,,,,,,,,,,,,,,,,,,,,,,,,,,,
,,,,,,,,,,,,,,,,,,,,,,,,,,,,,
,,,,,,,,,,,,,,,,,,,,,,,,,,,,,
,,,,,,,,,,,,,,,,,,,,,,,,,,,,,
,,,,,,,,,,,,,,,,,,,,,,,,,,,,,
,,,,,,,,,,,,,,,,,,,,,,,,,,,,,
,,,,,,,,,,,,,,,,,,,,,,,,,,,,,
,,,,,,,,,,,,,,,,,,,,,,,,,,,,,
,,,,,,,,,,,,,,,,,,,,,,,,,,,,,
,,,,,,,,,,,,,,,,,,,,,,,,,,,,,
,,,,,,,,,,,,,,,,,,,,,,,,,,,,,
,,,,,,,,,,,,,,,,,,,,,,,,,,,,,
,,,,,,,,,,,,,,,,,,,,,,,,,,,,,
,,,,,,,,,,,,,,,,,,,,,,,,,,,,,
,,,,,,,,,,,,,,,,,,,,,,,,,,,,,
,,,,,,,,,,,,,,,,,,,,,,,,,,,,,
,,,,,,,,,,,,,,,,,,,,,,,,,,,,,
,,,,,,,,,,,,,,,,,,,,,,,,,,,,,
,,,,,,,,,,,,,,,,,,,,,,,,,,,,,
,,,,,,,,,,,,,,,,,,,,,,,,,,,,,
,,,,,,,,,,,,,,,,,,,,,,,,,,,,,
,,,,,,,,,,,,,,,,,,,,,,,,,,,,,
,,,,,,,,,,,,,,,,,,,,,,,,,,,,,
,,,,,,,,,,,,,,,,,,,,,,,,,,,,,
,,,,,,,,,,,,,,,,,,,,,,,,,,,,,
,,,,,,,,,,,,,,,,,,,,,,,,,,,,,
,,,,,,,,,,,,,,,,,,,,,,,,,,,,,
,,,,,,,,,,,,,,,,,,,,,,,,,,,,,
,,,,,,,,,,,,,,,,,,,,,,,,,,,,,
,,,,,,,,,,,,,,,,,,,,,,,,,,,,,
,,,,,,,,,,,,,,,,,,,,,,,,,,,,,
,,,,,,,,,,,,,,,,,,,,,,,,,,,,,
,,,,,,,,,,,,,,,,,,,,,,,,,,,,,
,,,,,,,,,,,,,,,,,,,,,,,,,,,,,
,,,,,,,,,,,,,,,,,,,,,,,,,,,,,
,,,,,,,,,,,,,,,,,,,,,,,,,,,,,
,,,,,,,,,,,,,,,,,,,,,,,,,,,,,
,,,,,,,,,,,,,,,,,,,,,,,,,,,,,
,,,,,,,,,,,,,,,,,,,,,,,,,,,,,
,,,,,,,,,,,,,,,,,,,,,,,,,,,,,
,,,,,,,,,,,,,,,,,,,,,,,,,,,,,
,,,,,,,,,,,,,,,,,,,,,,,,,,,,,
,,,,,,,,,,,,,,,,,,,,,,,,,,,,,
,,,,,,,,,,,,,,,,,,,,,,,,,,,,,
,,,,,,,,,,,,,,,,,,,,,,,,,,,,,
,,,,,,,,,,,,,,,,,,,,,,,,,,,,,
,,,,,,,,,,,,,,,,,,,,,,,,,,,,,
,,,,,,,,,,,,,,,,,,,,,,,,,,,,,
,,,,,,,,,,,,,,,,,,,,,,,,,,,,,
,,,,,,,,,,,,,,,,,,,,,,,,,,,,,
,,,,,,,,,,,,,,,,,,,,,,,,,,,,,
,,,,,,,,,,,,,,,,,,,,,,,,,,,,,
,,,,,,,,,,,,,,,,,,,,,,,,,,,,,
,,,,,,,,,,,,,,,,,,,,,,,,,,,,,
,,,,,,,,,,,,,,,,,,,,,,,,,,,,,
,,,,,,,,,,,,,,,,,,,,,,,,,,,,,
,,,,,,,,,,,,,,,,,,,,,,,,,,,,,
,,,,,,,,,,,,,,,,,,,,,,,,,,,,,
,,,,,,,,,,,,,,,,,,,,,,,,,,,,,
,,,,,,,,,,,,,,,,,,,,,,,,,,,,,
,,,,,,,,,,,,,,,,,,,,,,,,,,,,,
,,,,,,,,,,,,,,,,,,,,,,,,,,,,,
,,,,,,,,,,,,,,,,,,,,,,,,,,,,,
,,,,,,,,,,,,,,,,,,,,,,,,,,,,,
,,,,,,,,,,,,,,,,,,,,,,,,,,,,,
,,,,,,,,,,,,,,,,,,,,,,,,,,,,,
,,,,,,,,,,,,,,,,,,,,,,,,,,,,,
,,,,,,,,,,,,,,,,,,,,,,,,,,,,,
,,,,,,,,,,,,,,,,,,,,,,,,,,,,,
,,,,,,,,,,,,,,,,,,,,,,,,,,,,,
,,,,,,,,,,,,,,,,,,,,,,,,,,,,,
,,,,,,,,,,,,,,,,,,,,,,,,,,,,,
,,,,,,,,,,,,,,,,,,,,,,,,,,,,,
,,,,,,,,,,,,,,,,,,,,,,,,,,,,,
,,,,,,,,,,,,,,,,,,,,,,,,,,,,,
,,,,,,,,,,,,,,,,,,,,,,,,,,,,,
,,,,,,,,,,,,,,,,,,,,,,,,,,,,,
,,,,,,,,,,,,,,,,,,,,,,,,,,,,,
,,,,,,,,,,,,,,,,,,,,,,,,,,,,,
,,,,,,,,,,,,,,,,,,,,,,,,,,,,,
,,,,,,,,,,,,,,,,,,,,,,,,,,,,,
,,,,,,,,,,,,,,,,,,,,,,,,,,,,,
,,,,,,,,,,,,,,,,,,,,,,,,,,,,,
,,,,,,,,,,,,,,,,,,,,,,,,,,,,,
,,,,,,,,,,,,,,,,,,,,,,,,,,,,,
,,,,,,,,,,,,,,,,,,,,,,,,,,,,,
,,,,,,,,,,,,,,,,,,,,,,,,,,,,,
,,,,,,,,,,,,,,,,,,,,,,,,,,,,,
,,,,,,,,,,,,,,,,,,,,,,,,,,,,,
,,,,,,,,,,,,,,,,,,,,,,,,,,,,,
,,,,,,,,,,,,,,,,,,,,,,,,,,,,,
,,,,,,,,,,,,,,,,,,,,,,,,,,,,,
,,,,,,,,,,,,,,,,,,,,,,,,,,,,,
,,,,,,,,,,,,,,,,,,,,,,,,,,,,,
,,,,,,,,,,,,,,,,,,,,,,,,,,,,,
,,,,,,,,,,,,,,,,,,,,,,,,,,,,,
,,,,,,,,,,,,,,,,,,,,,,,,,,,,,
,,,,,,,,,,,,,,,,,,,,,,,,,,,,,
,,,,,,,,,,,,,,,,,,,,,,,,,,,,,
,,,,,,,,,,,,,,,,,,,,,,,,,,,,,
,,,,,,,,,,,,,,,,,,,,,,,,,,,,,
,,,,,,,,,,,,,,,,,,,,,,,,,,,,,
,,,,,,,,,,,,,,,,,,,,,,,,,,,,,
,,,,,,,,,,,,,,,,,,,,,,,,,,,,,
,,,,,,,,,,,,,,,,,,,,,,,,,,,,,
,,,,,,,,,,,,,,,,,,,,,,,,,,,,,
,,,,,,,,,,,,,,,,,,,,,,,,,,,,,
,,,,,,,,,,,,,,,,,,,,,,,,,,,,,
,,,,,,,,,,,,,,,,,,,,,,,,,,,,,
,,,,,,,,,,,,,,,,,,,,,,,,,,,,,
,,,,,,,,,,,,,,,,,,,,,,,,,,,,,
,,,,,,,,,,,,,,,,,,,,,,,,,,,,,
,,,,,,,,,,,,,,,,,,,,,,,,,,,,,
,,,,,,,,,,,,,,,,,,,,,,,,,,,,,
,,,,,,,,,,,,,,,,,,,,,,,,,,,,,
,,,,,,,,,,,,,,,,,,,,,,,,,,,,,
,,,,,,,,,,,,,,,,,,,,,,,,,,,,,
,,,,,,,,,,,,,,,,,,,,,,,,,,,,,
,,,,,,,,,,,,,,,,,,,,,,,,,,,,,
,,,,,,,,,,,,,,,,,,,,,,,,,,,,,
,,,,,,,,,,,,,,,,,,,,,,,,,,,,,
,,,,,,,,,,,,,,,,,,,,,,,,,,,,,
,,,,,,,,,,,,,,,,,,,,,,,,,,,,,
,,,,,,,,,,,,,,,,,,,,,,,,,,,,,
,,,,,,,,,,,,,,,,,,,,,,,,,,,,,
,,,,,,,,,,,,,,,,,,,,,,,,,,,,,
,,,,,,,,,,,,,,,,,,,,,,,,,,,,,
,,,,,,,,,,,,,,,,,,,,,,,,,,,,,
,,,,,,,,,,,,,,,,,,,,,,,,,,,,,
,,,,,,,,,,,,,,,,,,,,,,,,,,,,,
,,,,,,,,,,,,,,,,,,,,,,,,,,,,,
,,,,,,,,,,,,,,,,,,,,,,,,,,,,,
